Sort_Code,IDB_FIPS_Code,IDB_Name,FT_Sch_C_Code,FT_Sch_C_Name,FT_Sch_C_ISO,ST_FIPS_Code,ST_Short-form_Name,ST_Long-form_Name,CIA_Map_Region_URL,CIA_Map_Country_URL
001,AF,Afghanistan,5310,Afghanistan,AF,AF,Afghanistan,Islamic Republic of Afghanistan,https://www.cia.gov/library/publications/the-world-factbook/graphics/locator/sas/af_large_locator.gif,https://www.cia.gov/library/publications/the-world-factbook/graphics/maps/af-map.gif
003,AL,Albania,4810,Albania,AL,AL,Albania,Republic of Albania,https://www.cia.gov/library/publications/the-world-factbook/graphics/locator/eur/al_large_locator.gif,https://www.cia.gov/library/publications/the-world-factbook/graphics/maps/al-map.gif
005,AG,Algeria,7210,Algeria,DZ,AG,Algeria,People's Democratic Republic of Algeria,https://www.cia.gov/library/publications/the-world-factbook/graphics/locator/afr/ag_large_locator.gif,https://www.cia.gov/library/publications/the-world-factbook/graphics/maps/ag-map.gif
007,AN,Andorra,4271,Andorra,AD,AN,Andorra,Principality of Andorra,https://www.cia.gov/library/publications/the-world-factbook/graphics/locator/eur/an_large_locator.gif,https://www.cia.gov/library/publications/the-world-factbook/graphics/maps/an-map.gif
009,AO,Angola,7620,Angola,AO,AO,Angola,Republic of Angola,https://www.cia.gov/library/publications/the-world-factbook/graphics/locator/afr/ao_large_locator.gif,https://www.cia.gov/library/publications/the-world-factbook/graphics/maps/ao-map.gif
011,AV,Anguilla,2481,Anguilla,AI,AV,Anguilla,Anguilla,https://www.cia.gov/library/publications/the-world-factbook/graphics/locator/cam/av_large_locator.gif,https://www.cia.gov/library/publications/the-world-factbook/graphics/maps/av-map.gif
013,AC,Antigua and Barbuda,2484,Antigua and Barbuda,AG,AC,Antigua and Barbuda,Antiqua and Barbuda,https://www.cia.gov/library/publications/the-world-factbook/graphics/locator/cam/ac_large_locator.gif,https://www.cia.gov/library/publications/the-world-factbook/graphics/maps/ac-map.gif
015,AR,Argentina,3570,Argentina,AR,AR,Argentina,Argentine Republic,https://www.cia.gov/library/publications/the-world-factbook/graphics/locator/soa/ar_large_locator.gif,https://www.cia.gov/library/publications/the-world-factbook/graphics/maps/ar-map.gif
017,AM,Armenia,4631,Armenia,AM,AM,Armenia,Republic of Armenia,https://www.cia.gov/library/publications/the-world-factbook/graphics/locator/mde/am_large_locator.gif,https://www.cia.gov/library/publications/the-world-factbook/graphics/maps/am-map.gif
019,AA,Aruba,2779,Aruba,AW,AA,Aruba,(no long-form name),https://www.cia.gov/library/publications/the-world-factbook/graphics/locator/cam/aa_large_locator.gif,https://www.cia.gov/library/publications/the-world-factbook/graphics/maps/aa-map.gif
021,AS,Australia,6021,Australia,AU,AS,Australia,Commonwealth of Australia,https://www.cia.gov/library/publications/the-world-factbook/graphics/locator/aus/as_large_locator.gif,https://www.cia.gov/library/publications/the-world-factbook/graphics/maps/as-map.gif
023,AU,Austria,4330,Austria,AT,AU,Austria,Republic of Austria,https://www.cia.gov/library/publications/the-world-factbook/graphics/locator/eur/au_large_locator.gif,https://www.cia.gov/library/publications/the-world-factbook/graphics/maps/au-map.gif
025,AJ,Azerbaijan,4632,Azerbaijan,AZ,AJ,Azerbaijan,Republic of Azerbaijan,https://www.cia.gov/library/publications/the-world-factbook/graphics/locator/mde/aj_large_locator.gif,https://www.cia.gov/library/publications/the-world-factbook/graphics/maps/aj-map.gif
027,BF,"Bahamas, The",2360,Bahamas,BS,BF,"Bahamas, The",Commonwealth of The Bahamas,https://www.cia.gov/library/publications/the-world-factbook/graphics/locator/cam/bf_large_locator.gif,https://www.cia.gov/library/publications/the-world-factbook/graphics/maps/bf-map.gif
029,BA,Bahrain,5250,Bahrain,BH,BA,Bahrain,Kingdom of Bahrain,https://www.cia.gov/library/publications/the-world-factbook/graphics/locator/mde/ba_large_locator.gif,https://www.cia.gov/library/publications/the-world-factbook/graphics/maps/ba-map.gif
031,BG,Bangladesh,5380,Bangladesh,BD,BG,Bangladesh,People's Republic of Bangladesh,https://www.cia.gov/library/publications/the-world-factbook/graphics/locator/sas/bg_large_locator.gif,https://www.cia.gov/library/publications/the-world-factbook/graphics/maps/bg-map.gif
033,BB,Barbados,2720,Barbados,BB,BB,Barbados,Barbados,https://www.cia.gov/library/publications/the-world-factbook/graphics/locator/cam/bb_large_locator.gif,https://www.cia.gov/library/publications/the-world-factbook/graphics/maps/bb-map.gif
035,BO,Belarus,4622,Belarus,BY,BO,Belarus,Republic of Belarus,https://www.cia.gov/library/publications/the-world-factbook/graphics/locator/eur/bo_large_locator.gif,https://www.cia.gov/library/publications/the-world-factbook/graphics/maps/bo-map.gif
037,BE,Belgium,4231,Belgium,BE,BE,Belgium,Kingdom of Belgium,https://www.cia.gov/library/publications/the-world-factbook/graphics/locator/eur/be_large_locator.gif,https://www.cia.gov/library/publications/the-world-factbook/graphics/maps/be-map.gif
039,BH,Belize,2080,Belize,BZ,BH,Belize,Belize,https://www.cia.gov/library/publications/the-world-factbook/graphics/locator/cam/bh_large_locator.gif,https://www.cia.gov/library/publications/the-world-factbook/graphics/maps/bh-map.gif
041,BN,Benin,7610,Benin,BJ,BN,Benin,Republic of Benin,https://www.cia.gov/library/publications/the-world-factbook/graphics/locator/afr/bn_large_locator.gif,https://www.cia.gov/library/publications/the-world-factbook/graphics/maps/bn-map.gif
043,BD,Bermuda,2320,Bermuda,BM,BD,Bermuda,Bermuda,https://www.cia.gov/library/publications/the-world-factbook/graphics/locator/noa/bd_large_locator.gif,https://www.cia.gov/library/publications/the-world-factbook/graphics/maps/bd-map.gif
045,BT,Bhutan,5682,Bhutan,BT,BT,Bhutan,Kingdom of Bhutan,https://www.cia.gov/library/publications/the-world-factbook/graphics/locator/sas/bt_large_locator.gif,https://www.cia.gov/library/publications/the-world-factbook/graphics/maps/bt-map.gif
047,BL,Bolivia,3350,Bolivia,BO,BL,Bolivia,Plurinational State of Bolivia,https://www.cia.gov/library/publications/the-world-factbook/graphics/locator/soa/bl_large_locator.gif,https://www.cia.gov/library/publications/the-world-factbook/graphics/maps/bl-map.gif
049,BK,Bosnia and Herzegovina,4793,Bosnia and Herzegovina,BA,BK,Bosnia and Herzegovina,Bosnia and Herzegovina,https://www.cia.gov/library/publications/the-world-factbook/graphics/locator/eur/bk_large_locator.gif,https://www.cia.gov/library/publications/the-world-factbook/graphics/maps/bk-map.gif
051,BC,Botswana,7930,Botswana,BW,BC,Botswana,Republic of Botswana,https://www.cia.gov/library/publications/the-world-factbook/graphics/locator/afr/bc_large_locator.gif,https://www.cia.gov/library/publications/the-world-factbook/graphics/maps/bc-map.gif
053,BR,Brazil,3510,Brazil,BR,BR,Brazil,Federative Republic of Brazil,https://www.cia.gov/library/publications/the-world-factbook/graphics/locator/soa/br_large_locator.gif,https://www.cia.gov/library/publications/the-world-factbook/graphics/maps/br-map.gif
055,BX,Brunei,5610,Brunei,BN,BX,Brunei,Brunei Darussalam,https://www.cia.gov/library/publications/the-world-factbook/graphics/locator/eas/bx_large_locator.gif,https://www.cia.gov/library/publications/the-world-factbook/graphics/maps/bx-map.gif
057,BU,Bulgaria,4870,Bulgaria,BG,BU,Bulgaria,Republic of Bulgaria,https://www.cia.gov/library/publications/the-world-factbook/graphics/locator/eur/bu_large_locator.gif,https://www.cia.gov/library/publications/the-world-factbook/graphics/maps/bu-map.gif
059,UV,Burkina Faso,7600,Burkina Faso,BF,UV,Burkina Faso,Burkina Faso,https://www.cia.gov/library/publications/the-world-factbook/graphics/locator/afr/uv_large_locator.gif,https://www.cia.gov/library/publications/the-world-factbook/graphics/maps/uv-map.gif
061,BM,Burma,5460,Burma (Myanmar),BU,BM,Burma,Union of Burma,https://www.cia.gov/library/publications/the-world-factbook/graphics/locator/eas/bm_large_locator.gif,https://www.cia.gov/library/publications/the-world-factbook/graphics/maps/bm-map.gif
063,BY,Burundi,7670,Burundi,BI,BY,Burundi,Republic of Burundi,https://www.cia.gov/library/publications/the-world-factbook/graphics/locator/afr/by_large_locator.gif,https://www.cia.gov/library/publications/the-world-factbook/graphics/maps/by-map.gif
065,CV,Cabo Verde,7643,Cabo Verde,CV,CV,Cabo Verde,Republic of Cabo Verde,https://www.cia.gov/library/publications/the-world-factbook/graphics/locator/afr/cv_large_locator.gif,https://www.cia.gov/library/publications/the-world-factbook/graphics/maps/cv-map.gif
067,CB,Cambodia,5550,Cambodia,KH,CB,Cambodia,Kingdom of Cambodia,https://www.cia.gov/library/publications/the-world-factbook/graphics/locator/eas/cb_large_locator.gif,https://www.cia.gov/library/publications/the-world-factbook/graphics/maps/cb-map.gif
069,CM,Cameroon,7420,Cameroon,CM,CM,Cameroon,Republic of Cameroon,https://www.cia.gov/library/publications/the-world-factbook/graphics/locator/afr/cm_large_locator.gif,https://www.cia.gov/library/publications/the-world-factbook/graphics/maps/cm-map.gif
071,CA,Canada,1220,Canada,CA,CA,Canada,Canada,https://www.cia.gov/library/publications/the-world-factbook/graphics/locator/noa/ca_large_locator.gif,https://www.cia.gov/library/publications/the-world-factbook/graphics/maps/ca-map.gif
073,CJ,Cayman Islands,2440,Cayman Islands,KY,CJ,Cayman Islands,Cayman Islands,https://www.cia.gov/library/publications/the-world-factbook/graphics/locator/cam/cj_large_locator.gif,https://www.cia.gov/library/publications/the-world-factbook/graphics/maps/cj-map.gif
075,CT,Central African Republic,7540,Central African Republic,CF,CT,Central African Republic,Central African Republic,https://www.cia.gov/library/publications/the-world-factbook/graphics/locator/afr/ct_large_locator.gif,https://www.cia.gov/library/publications/the-world-factbook/graphics/maps/ct-map.gif
077,CD,Chad,7560,Chad,TD,CD,Chad,Republic of Chad,https://www.cia.gov/library/publications/the-world-factbook/graphics/locator/afr/cd_large_locator.gif,https://www.cia.gov/library/publications/the-world-factbook/graphics/maps/cd-map.gif
079,CI,Chile,3370,Chile,CL,CI,Chile,Republic of Chile,https://www.cia.gov/library/publications/the-world-factbook/graphics/locator/soa/ci_large_locator.gif,https://www.cia.gov/library/publications/the-world-factbook/graphics/maps/ci-map.gif
081,CH,China,5700,China,CN,CH,China,People's Republic of China,https://www.cia.gov/library/publications/the-world-factbook/graphics/locator/eas/ch_large_locator.gif,https://www.cia.gov/library/publications/the-world-factbook/graphics/maps/ch-map.gif
083,CO,Colombia,3010,Colombia,CO,CO,Colombia,Republic of Colombia,https://www.cia.gov/library/publications/the-world-factbook/graphics/locator/soa/co_large_locator.gif,https://www.cia.gov/library/publications/the-world-factbook/graphics/maps/co-map.gif
085,CN,Comoros,7890,Comoros,KM,CN,Comoros,Union of the Comoros,https://www.cia.gov/library/publications/the-world-factbook/graphics/locator/afr/cn_large_locator.gif,https://www.cia.gov/library/publications/the-world-factbook/graphics/maps/cn-map.gif
087,CF,Congo,7660,"Congo",CD,CF,Congo,Congo,https://www.cia.gov/library/publications/the-world-factbook/graphics/locator/afr/cf_large_locator.gif,https://www.cia.gov/library/publications/the-world-factbook/graphics/maps/cf-map.gif
089,CG,Congo (Kinshasa),7630,"Congo, Republic of the Congo",CG,CG,Congo (Kinshasa),Republic of the Congo,https://www.cia.gov/library/publications/the-world-factbook/graphics/locator/afr/cg_large_locator.gif,https://www.cia.gov/library/publications/the-world-factbook/graphics/maps/cg-map.gif
091,CW,Cook Islands,6142,Cook Islands,CK,CW,Cook Islands,(no long-form name),https://www.cia.gov/library/publications/the-world-factbook/graphics/locator/aus/cw_large_locator.gif,https://www.cia.gov/library/publications/the-world-factbook/graphics/maps/cw-map.gif
093,CS,Costa Rica,2230,Costa Rica,CR,CS,Costa Rica,Republic of Costa Rica,https://www.cia.gov/library/publications/the-world-factbook/graphics/locator/cam/cs_large_locator.gif,https://www.cia.gov/library/publications/the-world-factbook/graphics/maps/cs-map.gif
095,IV,Cote d'Ivoire,7480,Cote d'Ivoire,CI,IV,Côte d'Ivoire,Republic of Côte d'Ivoire,https://www.cia.gov/library/publications/the-world-factbook/graphics/locator/afr/iv_large_locator.gif,https://www.cia.gov/library/publications/the-world-factbook/graphics/maps/iv-map.gif
097,HR,Croatia,4791,Croatia,HR,HR,Croatia,Republic of Croatia,https://www.cia.gov/library/publications/the-world-factbook/graphics/locator/eur/hr_large_locator.gif,https://www.cia.gov/library/publications/the-world-factbook/graphics/maps/hr-map.gif
099,CU,Cuba,2390,Cuba,CU,CU,Cuba,Republic of Cuba,https://www.cia.gov/library/publications/the-world-factbook/graphics/locator/cam/cu_large_locator.gif,https://www.cia.gov/library/publications/the-world-factbook/graphics/maps/cu-map.gif
101,UC,Curacao,2777,Curacao,CW,UC,Curaçao,(no long-form name),https://www.cia.gov/library/publications/the-world-factbook/graphics/locator/cam/cc_large_locator.gif,https://www.cia.gov/library/publications/the-world-factbook/graphics/maps/cc-map.gif
103,CY,Cyprus,4910,Cyprus,CY,CY,Cyprus,Republic of Cyprus,https://www.cia.gov/library/publications/the-world-factbook/graphics/locator/eur/cy_large_locator.gif,https://www.cia.gov/library/publications/the-world-factbook/graphics/maps/cy-map.gif
105,EZ,Czech Republic,4351,Czech Republic,CZ,EZ,Czech Republic,Czech Republic,https://www.cia.gov/library/publications/the-world-factbook/graphics/locator/eur/ez_large_locator.gif,https://www.cia.gov/library/publications/the-world-factbook/graphics/maps/ez-map.gif
107,DA,Denmark,4099,"Denmark, except Greenland",DK,DA,Denmark,Kingdom of Denmark,https://www.cia.gov/library/publications/the-world-factbook/graphics/locator/eur/da_large_locator.gif,https://www.cia.gov/library/publications/the-world-factbook/graphics/maps/da-map.gif
109,DJ,Djibouti,7770,Djibouti,DJ,DJ,Djibouti,Republic of Djibouti,https://www.cia.gov/library/publications/the-world-factbook/graphics/locator/afr/dj_large_locator.gif,https://www.cia.gov/library/publications/the-world-factbook/graphics/maps/dj-map.gif
111,DO,Dominica,2486,Dominica,DM,DO,Dominica,Commonwealth of Dominica,https://www.cia.gov/library/publications/the-world-factbook/graphics/locator/cam/do_large_locator.gif,https://www.cia.gov/library/publications/the-world-factbook/graphics/maps/do-map.gif
113,DR,Dominican Republic,2470,Dominican Republic,DO,DR,Dominican Republic,Dominican Republic,https://www.cia.gov/library/publications/the-world-factbook/graphics/locator/cam/dr_large_locator.gif,https://www.cia.gov/library/publications/the-world-factbook/graphics/maps/dr-map.gif
115,EC,Ecuador,3310,Ecuador,EC,EC,Ecuador,Republic of Ecuador,https://www.cia.gov/library/publications/the-world-factbook/graphics/locator/soa/ec_large_locator.gif,https://www.cia.gov/library/publications/the-world-factbook/graphics/maps/ec-map.gif
117,EG,Egypt,7290,Egypt,EG,EG,Egypt,Arab Republic of Egypt,https://www.cia.gov/library/publications/the-world-factbook/graphics/locator/afr/eg_large_locator.gif,https://www.cia.gov/library/publications/the-world-factbook/graphics/maps/eg-map.gif
119,ES,El Salvador,2110,El Salvador,SV,ES,El Salvador,Republic of El Salvador,https://www.cia.gov/library/publications/the-world-factbook/graphics/locator/cam/es_large_locator.gif,https://www.cia.gov/library/publications/the-world-factbook/graphics/maps/es-map.gif
121,EK,Equatorial Guinea,7380,Equatorial Guinea,GQ,EK,Equatorial Guinea,Republic of Equatorial Guinea,https://www.cia.gov/library/publications/the-world-factbook/graphics/locator/afr/ek_large_locator.gif,https://www.cia.gov/library/publications/the-world-factbook/graphics/maps/ek-map.gif
123,ER,Eritrea,7741,Eritrea,ER,ER,Eritrea,State of Eritrea,https://www.cia.gov/library/publications/the-world-factbook/graphics/locator/afr/er_large_locator.gif,https://www.cia.gov/library/publications/the-world-factbook/graphics/maps/er-map.gif
125,EN,Estonia,4470,Estonia,EE,EN,Estonia,Republic of Estonia,https://www.cia.gov/library/publications/the-world-factbook/graphics/locator/eur/en_large_locator.gif,https://www.cia.gov/library/publications/the-world-factbook/graphics/maps/en-map.gif
127,ET,Ethiopia,7749,Ethiopia,ET,ET,Ethiopia,Federal Democratic Republic of Ethiopia,https://www.cia.gov/library/publications/the-world-factbook/graphics/locator/afr/et_large_locator.gif,https://www.cia.gov/library/publications/the-world-factbook/graphics/maps/et-map.gif
129,FO,Faroe Islands,4091,Faroe Islands,FO,FO,Faroe Islands,(no long-form name),https://www.cia.gov/library/publications/the-world-factbook/graphics/locator/eur/fo_large_locator.gif,https://www.cia.gov/library/publications/the-world-factbook/graphics/maps/fo-map.gif
131,FJ,Fiji,6863,Fiji,FJ,FJ,Fiji,Republic of Fiji,https://www.cia.gov/library/publications/the-world-factbook/graphics/locator/aus/fj_large_locator.gif,https://www.cia.gov/library/publications/the-world-factbook/graphics/maps/fj-map.gif
133,FI,Finland,4050,Finland,FI,FI,Finland,Republic of Finland,https://www.cia.gov/library/publications/the-world-factbook/graphics/locator/eur/fi_large_locator.gif,https://www.cia.gov/library/publications/the-world-factbook/graphics/maps/fi-map.gif
135,FR,France,4279,France,FR,FR,France,French Republic,https://www.cia.gov/library/publications/the-world-factbook/graphics/locator/eur/fr_large_locator.gif,https://www.cia.gov/library/publications/the-world-factbook/graphics/maps/fr-map.gif
137,FP,French Polynesia,6414,French Polynesia,PF,FP,French Polynesia,(no long-form name),https://www.cia.gov/library/publications/the-world-factbook/graphics/locator/aus/fp_large_locator.gif,https://www.cia.gov/library/publications/the-world-factbook/graphics/maps/fp-map.gif
139,GB,Gabon,7550,Gabon,GA,GB,Gabon,Gabonese Republic,https://www.cia.gov/library/publications/the-world-factbook/graphics/locator/afr/gb_large_locator.gif,https://www.cia.gov/library/publications/the-world-factbook/graphics/maps/gb-map.gif
141,GA,"Gambia, The",7500,Gambia,GM,GA,"Gambia, The",Republic of The Gambia,https://www.cia.gov/library/publications/the-world-factbook/graphics/locator/afr/ga_large_locator.gif,https://www.cia.gov/library/publications/the-world-factbook/graphics/maps/ga-map.gif
143,GZ,Gaza Strip,5082,Gaza Strip administered by Israel,GZ,GZ,Gaza Strip,,https://www.cia.gov/library/publications/the-world-factbook/graphics/locator/mde/gz_large_locator.gif,https://www.cia.gov/library/publications/the-world-factbook/graphics/maps/gz-map.gif
145,GG,Georgia,4633,Georgia,GE,GG,Georgia,Georgia,https://www.cia.gov/library/publications/the-world-factbook/graphics/locator/mde/gg_large_locator.gif,https://www.cia.gov/library/publications/the-world-factbook/graphics/maps/gg-map.gif
147,GM,Germany,4280,Germany (Federal Republic of Germany),DE,GM,Germany,Federal Republic of Germany,https://www.cia.gov/library/publications/the-world-factbook/graphics/locator/eur/gm_large_locator.gif,https://www.cia.gov/library/publications/the-world-factbook/graphics/maps/gm-map.gif
149,GH,Ghana,7490,Ghana,GH,GH,Ghana,Republic of Ghana,https://www.cia.gov/library/publications/the-world-factbook/graphics/locator/afr/gh_large_locator.gif,https://www.cia.gov/library/publications/the-world-factbook/graphics/maps/gh-map.gif
151,GI,Gibraltar,4720,Gibraltar,GI,GI,Gibraltar,Gibraltar,https://www.cia.gov/library/publications/the-world-factbook/graphics/locator/eur/gi_large_locator.gif,https://www.cia.gov/library/publications/the-world-factbook/graphics/maps/gi-map.gif
153,GR,Greece,4840,Greece,GR,GR,Greece,Hellenic Republic,https://www.cia.gov/library/publications/the-world-factbook/graphics/locator/eur/gr_large_locator.gif,https://www.cia.gov/library/publications/the-world-factbook/graphics/maps/gr-map.gif
155,GL,Greenland,1010,Greenland,GL,GL,Greenland,(no long-form name),https://www.cia.gov/library/publications/the-world-factbook/graphics/locator/noa/gl_large_locator.gif,https://www.cia.gov/library/publications/the-world-factbook/graphics/maps/gl-map.gif
157,GJ,Grenada,2489,Grenada,GD,GJ,Grenada,Grenada,https://www.cia.gov/library/publications/the-world-factbook/graphics/locator/cam/gj_large_locator.gif,https://www.cia.gov/library/publications/the-world-factbook/graphics/maps/gj-map.gif
159,GT,Guatemala,2050,Guatemala,GT,GT,Guatemala,Republic of Guatemala,https://www.cia.gov/library/publications/the-world-factbook/graphics/locator/cam/gt_large_locator.gif,https://www.cia.gov/library/publications/the-world-factbook/graphics/maps/gt-map.gif
161,GV,Guinea,7460,Guinea,GN,GV,Guinea,Republic of Guinea,https://www.cia.gov/library/publications/the-world-factbook/graphics/locator/afr/gv_large_locator.gif,https://www.cia.gov/library/publications/the-world-factbook/graphics/maps/gv-map.gif
163,PU,Guinea-Bissau,7642,Guinea-Bissau,GW,PU,Guinea-Bissau,Republic of Guinea-Bissau,https://www.cia.gov/library/publications/the-world-factbook/graphics/locator/afr/pu_large_locator.gif,https://www.cia.gov/library/publications/the-world-factbook/graphics/maps/pu-map.gif
165,GY,Guyana,3120,Guyana,GY,GY,Guyana,Co-operative Republic of Guyana,https://www.cia.gov/library/publications/the-world-factbook/graphics/locator/soa/gy_large_locator.gif,https://www.cia.gov/library/publications/the-world-factbook/graphics/maps/gy-map.gif
167,HA,Haiti,2450,Haiti,HT,HA,Haiti,Republic of Haiti,https://www.cia.gov/library/publications/the-world-factbook/graphics/locator/cam/ha_large_locator.gif,https://www.cia.gov/library/publications/the-world-factbook/graphics/maps/ha-map.gif
169,HO,Honduras,2150,Honduras,HN,HO,Honduras,Republic of Honduras,https://www.cia.gov/library/publications/the-world-factbook/graphics/locator/cam/ho_large_locator.gif,https://www.cia.gov/library/publications/the-world-factbook/graphics/maps/ho-map.gif
171,HK,Hong Kong,5820,Hong Kong,HK,HK,Hong Kong,Hong Kong Special Administrative Region,https://www.cia.gov/library/publications/the-world-factbook/graphics/locator/eas/hk_large_locator.gif,https://www.cia.gov/library/publications/the-world-factbook/graphics/maps/hk-map.gif
173,HU,Hungary,4370,Hungary,HU,HU,Hungary,Hungary,https://www.cia.gov/library/publications/the-world-factbook/graphics/locator/eur/hu_large_locator.gif,https://www.cia.gov/library/publications/the-world-factbook/graphics/maps/hu-map.gif
175,IC,Iceland,4000,Iceland,IS,IC,Iceland,Republic of Iceland,https://www.cia.gov/library/publications/the-world-factbook/graphics/locator/eur/ic_large_locator.gif,https://www.cia.gov/library/publications/the-world-factbook/graphics/maps/ic-map.gif
177,IN,India,5330,India,IN,IN,India,Republic of India,https://www.cia.gov/library/publications/the-world-factbook/graphics/locator/sas/in_large_locator.gif,https://www.cia.gov/library/publications/the-world-factbook/graphics/maps/in-map.gif
179,ID,Indonesia,5600,Indonesia,ID,ID,Indonesia,Republic of Indonesia,https://www.cia.gov/library/publications/the-world-factbook/graphics/locator/eas/id_large_locator.gif,https://www.cia.gov/library/publications/the-world-factbook/graphics/maps/id-map.gif
181,IR,Iran,5070,Iran,IR,IR,Iran,Islamic Republic of Iran,https://www.cia.gov/library/publications/the-world-factbook/graphics/locator/mde/ir_large_locator.gif,https://www.cia.gov/library/publications/the-world-factbook/graphics/maps/ir-map.gif
183,IZ,Iraq,5050,Iraq,IQ,IZ,Iraq,Republic of Iraq,https://www.cia.gov/library/publications/the-world-factbook/graphics/locator/mde/iz_large_locator.gif,https://www.cia.gov/library/publications/the-world-factbook/graphics/maps/iz-map.gif
185,EI,Ireland,4190,Ireland,IE,EI,Ireland,Ireland,https://www.cia.gov/library/publications/the-world-factbook/graphics/locator/eur/ei_large_locator.gif,https://www.cia.gov/library/publications/the-world-factbook/graphics/maps/ei-map.gif
187,IS,Israel,5081,Israel,IL,IS,Israel,State of Israel,https://www.cia.gov/library/publications/the-world-factbook/graphics/locator/mde/is_large_locator.gif,https://www.cia.gov/library/publications/the-world-factbook/graphics/maps/is-map.gif
189,IT,Italy,4759,Italy,IT,IT,Italy,Italian Republic,https://www.cia.gov/library/publications/the-world-factbook/graphics/locator/eur/it_large_locator.gif,https://www.cia.gov/library/publications/the-world-factbook/graphics/maps/it-map.gif
191,JM,Jamaica,2410,Jamaica,JM,JM,Jamaica,Jamaica,https://www.cia.gov/library/publications/the-world-factbook/graphics/locator/cam/jm_large_locator.gif,https://www.cia.gov/library/publications/the-world-factbook/graphics/maps/jm-map.gif
193,JA,Japan,5880,Japan,JP,JA,Japan,Japan,https://www.cia.gov/library/publications/the-world-factbook/graphics/locator/eas/ja_large_locator.gif,https://www.cia.gov/library/publications/the-world-factbook/graphics/maps/ja-map.gif
195,JO,Jordan,5110,Jordan,JO,JO,Jordan,Hashemite Kingdom of Jordan,https://www.cia.gov/library/publications/the-world-factbook/graphics/locator/mde/jo_large_locator.gif,https://www.cia.gov/library/publications/the-world-factbook/graphics/maps/jo-map.gif
197,KZ,Kazakhstan,4634,Kazakhstan,KZ,KZ,Kazakhstan,Republic of Kazakhstan,https://www.cia.gov/library/publications/the-world-factbook/graphics/locator/cas/kz_large_locator.gif,https://www.cia.gov/library/publications/the-world-factbook/graphics/maps/kz-map.gif
199,KE,Kenya,7790,Kenya,KE,KE,Kenya,Republic of Kenya,https://www.cia.gov/library/publications/the-world-factbook/graphics/locator/afr/ke_large_locator.gif,https://www.cia.gov/library/publications/the-world-factbook/graphics/maps/ke-map.gif
201,KR,Kiribati,6226,Kiribati,KI,KR,Kiribati,Republic of Kiribati,https://www.cia.gov/library/publications/the-world-factbook/graphics/locator/aus/kr_large_locator.gif,https://www.cia.gov/library/publications/the-world-factbook/graphics/maps/kr-map.gif
203,KN,"Korea, North",5790,North Korea (Democratic People's Republic of Korea),KP,KN,"Korea, North",Democratic People's Republic of Korea,https://www.cia.gov/library/publications/the-world-factbook/graphics/locator/eas/kn_large_locator.gif,https://www.cia.gov/library/publications/the-world-factbook/graphics/maps/kn-map.gif
205,KS,"Korea, South",5800,South Korea (Republic of Korea),KR,KS,"Korea, South",Republic of Korea,https://www.cia.gov/library/publications/the-world-factbook/graphics/locator/eas/ks_large_locator.gif,https://www.cia.gov/library/publications/the-world-factbook/graphics/maps/ks-map.gif
207,KV,Kosovo,4803,Kosovo,KV,KV,Kosovo,Republic of Kosovo,https://www.cia.gov/library/publications/the-world-factbook/graphics/locator/eur/kv_large_locator.gif,https://www.cia.gov/library/publications/the-world-factbook/graphics/maps/kv-map.gif
209,KU,Kuwait,5130,Kuwait,KW,KU,Kuwait,State of Kuwait,https://www.cia.gov/library/publications/the-world-factbook/graphics/locator/mde/ku_large_locator.gif,https://www.cia.gov/library/publications/the-world-factbook/graphics/maps/ku-map.gif
211,KG,Kyrgyzstan,4635,Kyrgyzstan,KG,KG,Kyrgyzstan,Kyrgyz Republic,https://www.cia.gov/library/publications/the-world-factbook/graphics/locator/cas/kg_large_locator.gif,https://www.cia.gov/library/publications/the-world-factbook/graphics/maps/kg-map.gif
213,LA,Laos,5530,Laos (Lao People's Democratic Republic),LA,LA,Laos,Lao People's Democratic Republic,https://www.cia.gov/library/publications/the-world-factbook/graphics/locator/eas/la_large_locator.gif,https://www.cia.gov/library/publications/the-world-factbook/graphics/maps/la-map.gif
215,LG,Latvia,4490,Latvia,LV,LG,Latvia,Republic of Latvia,https://www.cia.gov/library/publications/the-world-factbook/graphics/locator/eur/lg_large_locator.gif,https://www.cia.gov/library/publications/the-world-factbook/graphics/maps/lg-map.gif
217,LE,Lebanon,5040,Lebanon,LB,LE,Lebanon,Lebanese Republic,https://www.cia.gov/library/publications/the-world-factbook/graphics/locator/mde/le_large_locator.gif,https://www.cia.gov/library/publications/the-world-factbook/graphics/maps/le-map.gif
219,LT,Lesotho,7990,Lesotho,LS,LT,Lesotho,Kingdom of Lesotho,https://www.cia.gov/library/publications/the-world-factbook/graphics/locator/afr/lt_large_locator.gif,https://www.cia.gov/library/publications/the-world-factbook/graphics/maps/lt-map.gif
221,LI,Liberia,7650,Liberia,LR,LI,Liberia,Republic of Liberia,https://www.cia.gov/library/publications/the-world-factbook/graphics/locator/afr/li_large_locator.gif,https://www.cia.gov/library/publications/the-world-factbook/graphics/maps/li-map.gif
223,LY,Libya,7250,Libya,LY,LY,Libya,Libya,https://www.cia.gov/library/publications/the-world-factbook/graphics/locator/afr/ly_large_locator.gif,https://www.cia.gov/library/publications/the-world-factbook/graphics/maps/ly-map.gif
225,LS,Liechtenstein,4411,Liechtenstein,LI,LS,Liechtenstein,Principality of Liechtenstein,https://www.cia.gov/library/publications/the-world-factbook/graphics/locator/eur/ls_large_locator.gif,https://www.cia.gov/library/publications/the-world-factbook/graphics/maps/ls-map.gif
227,LH,Lithuania,4510,Lithuania,LT,LH,Lithuania,Republic of Lithuania,https://www.cia.gov/library/publications/the-world-factbook/graphics/locator/eur/lh_large_locator.gif,https://www.cia.gov/library/publications/the-world-factbook/graphics/maps/lh-map.gif
229,LU,Luxembourg,4239,Luxembourg,LU,LU,Luxembourg,Grand Duchy of Luxembourg,https://www.cia.gov/library/publications/the-world-factbook/graphics/locator/eur/lu_large_locator.gif,https://www.cia.gov/library/publications/the-world-factbook/graphics/maps/lu-map.gif
231,MC,Macau,5660,Macao,MO,MC,Macau,Macau Special Administrative Region,https://www.cia.gov/library/publications/the-world-factbook/graphics/locator/eas/mc_large_locator.gif,https://www.cia.gov/library/publications/the-world-factbook/graphics/maps/mc-map.gif
233,MK,Macedonia,4794,Macedonia,MK,MK,Macedonia,Republic of Macedonia,https://www.cia.gov/library/publications/the-world-factbook/graphics/locator/eur/mk_large_locator.gif,https://www.cia.gov/library/publications/the-world-factbook/graphics/maps/mk-map.gif
235,MA,Madagascar,7880,Madagascar,MG,MA,Madagascar,Republic of Madagascar,https://www.cia.gov/library/publications/the-world-factbook/graphics/locator/afr/ma_large_locator.gif,https://www.cia.gov/library/publications/the-world-factbook/graphics/maps/ma-map.gif
237,MI,Malawi,7970,Malawi,MW,MI,Malawi,Republic of Malawi,https://www.cia.gov/library/publications/the-world-factbook/graphics/locator/afr/mi_large_locator.gif,https://www.cia.gov/library/publications/the-world-factbook/graphics/maps/mi-map.gif
239,MY,Malaysia,5570,Malaysia,MY,MY,Malaysia,Malaysia,https://www.cia.gov/library/publications/the-world-factbook/graphics/locator/eas/my_large_locator.gif,https://www.cia.gov/library/publications/the-world-factbook/graphics/maps/my-map.gif
241,MV,Maldives,5683,Maldives,MV,MV,Maldives,Republic of Maldives,https://www.cia.gov/library/publications/the-world-factbook/graphics/locator/sas/mv_large_locator.gif,https://www.cia.gov/library/publications/the-world-factbook/graphics/maps/mv-map.gif
243,ML,Mali,7450,Mali,ML,ML,Mali,Republic of Mali,https://www.cia.gov/library/publications/the-world-factbook/graphics/locator/afr/ml_large_locator.gif,https://www.cia.gov/library/publications/the-world-factbook/graphics/maps/ml-map.gif
245,MT,Malta,4730,Malta,MT,MT,Malta,Republic of Malta,https://www.cia.gov/library/publications/the-world-factbook/graphics/locator/eur/mt_large_locator.gif,https://www.cia.gov/library/publications/the-world-factbook/graphics/maps/mt-map.gif
247,RM,Marshall Islands,6810,Marshall Islands,MH,RM,Marshall Islands,Republic of the Marshall Islands,https://www.cia.gov/library/publications/the-world-factbook/graphics/locator/aus/rm_large_locator.gif,https://www.cia.gov/library/publications/the-world-factbook/graphics/maps/rm-map.gif
249,MR,Mauritania,7410,Mauritania,MR,MR,Mauritania,Islamic Republic of Mauritania,https://www.cia.gov/library/publications/the-world-factbook/graphics/locator/afr/mr_large_locator.gif,https://www.cia.gov/library/publications/the-world-factbook/graphics/maps/mr-map.gif
251,MP,Mauritius,7850,Mauritius,MU,MP,Mauritius,Republic of Mauritius,https://www.cia.gov/library/publications/the-world-factbook/graphics/locator/afr/mp_large_locator.gif,https://www.cia.gov/library/publications/the-world-factbook/graphics/maps/mp-map.gif
253,MX,Mexico,2010,Mexico,MX,MX,Mexico,United Mexican States,https://www.cia.gov/library/publications/the-world-factbook/graphics/locator/noa/mx_large_locator.gif,https://www.cia.gov/library/publications/the-world-factbook/graphics/maps/mx-map.gif
255,FM,"Micronesia, Federated States of",6820,"Micronesia, Federated States of",FM,FM,"Micronesia, Federated States of","Micronesia, Federated States of",https://www.cia.gov/library/publications/the-world-factbook/graphics/locator/aus/fm_large_locator.gif,https://www.cia.gov/library/publications/the-world-factbook/graphics/maps/fm-map.gif
257,MD,Moldova,4641,Moldova (Republic of Moldova),MD,MD,Moldova,Republic of Moldova,https://www.cia.gov/library/publications/the-world-factbook/graphics/locator/eur/md_large_locator.gif,https://www.cia.gov/library/publications/the-world-factbook/graphics/maps/md-map.gif
259,MN,Monaco,4272,Monaco,MC,MN,Monaco,Principality of Monaco,https://www.cia.gov/library/publications/the-world-factbook/graphics/locator/eur/mn_large_locator.gif,https://www.cia.gov/library/publications/the-world-factbook/graphics/maps/mn-map.gif
261,MG,Mongolia,5740,Mongolia,MN,MG,Mongolia,Mongolia,https://www.cia.gov/library/publications/the-world-factbook/graphics/locator/eas/mg_large_locator.gif,https://www.cia.gov/library/publications/the-world-factbook/graphics/maps/mg-map.gif
263,MJ,Montenegro,4804,Montenegro,ME,MJ,Montenegro,Montenegro,https://www.cia.gov/library/publications/the-world-factbook/graphics/locator/eur/mj_large_locator.gif,https://www.cia.gov/library/publications/the-world-factbook/graphics/maps/mj-map.gif
265,MH,Montserrat,2485,Montserrat,MS,MH,Montserrat,Montserrat,https://www.cia.gov/library/publications/the-world-factbook/graphics/locator/cam/mh_large_locator.gif,https://www.cia.gov/library/publications/the-world-factbook/graphics/maps/mh-map.gif
267,MO,Morocco,7140,Morocco,MA,MO,Morocco,Kingdom of Morocco,https://www.cia.gov/library/publications/the-world-factbook/graphics/locator/afr/mo_large_locator.gif,https://www.cia.gov/library/publications/the-world-factbook/graphics/maps/mo-map.gif
269,MZ,Mozambique,7870,Mozambique,MZ,MZ,Mozambique,Republic of Mozambique,https://www.cia.gov/library/publications/the-world-factbook/graphics/locator/afr/mz_large_locator.gif,https://www.cia.gov/library/publications/the-world-factbook/graphics/maps/mz-map.gif
271,WA,Namibia,7920,Namibia,NA,WA,Namibia,Republic of Namibia,https://www.cia.gov/library/publications/the-world-factbook/graphics/locator/afr/wa_large_locator.gif,https://www.cia.gov/library/publications/the-world-factbook/graphics/maps/wa-map.gif
273,NR,Nauru,6862,Nauru,NR,NR,Nauru,Republic of Nauru,https://www.cia.gov/library/publications/the-world-factbook/graphics/locator/aus/nr_large_locator.gif,https://www.cia.gov/library/publications/the-world-factbook/graphics/maps/nr-map.gif
275,NP,Nepal,5360,Nepal,NP,NP,Nepal,Federal Democratic Republic of Nepal,https://www.cia.gov/library/publications/the-world-factbook/graphics/locator/sas/np_large_locator.gif,https://www.cia.gov/library/publications/the-world-factbook/graphics/maps/np-map.gif
277,NL,Netherlands,4210,Netherlands,NL,NL,Netherlands,Kingdom of the Netherlands,https://www.cia.gov/library/publications/the-world-factbook/graphics/locator/eur/nl_large_locator.gif,https://www.cia.gov/library/publications/the-world-factbook/graphics/maps/nl-map.gif
279,NC,New Caledonia,6412,New Caledonia,NC,NC,New Caledonia,(no long-form name),https://www.cia.gov/library/publications/the-world-factbook/graphics/locator/aus/nc_large_locator.gif,https://www.cia.gov/library/publications/the-world-factbook/graphics/maps/nc-map.gif
281,NZ,New Zealand,6141,New Zealand,NZ,NZ,New Zealand,New Zealand,https://www.cia.gov/library/publications/the-world-factbook/graphics/locator/aus/nz_large_locator.gif,https://www.cia.gov/library/publications/the-world-factbook/graphics/maps/nz-map.gif
283,NU,Nicaragua,2190,Nicaragua,NI,NU,Nicaragua,Republic of Nicaragua,https://www.cia.gov/library/publications/the-world-factbook/graphics/locator/cam/nu_large_locator.gif,https://www.cia.gov/library/publications/the-world-factbook/graphics/maps/nu-map.gif
285,NG,Niger,7510,Niger,NE,NG,Niger,Republic of Niger,https://www.cia.gov/library/publications/the-world-factbook/graphics/locator/afr/ng_large_locator.gif,https://www.cia.gov/library/publications/the-world-factbook/graphics/maps/ng-map.gif
287,NI,Nigeria,7530,Nigeria,NG,NI,Nigeria,Federal Republic of Nigeria,https://www.cia.gov/library/publications/the-world-factbook/graphics/locator/afr/ni_large_locator.gif,https://www.cia.gov/library/publications/the-world-factbook/graphics/maps/ni-map.gif
289,NO,Norway,4039,Norway,NO,NO,Norway,Kingdom of Norway,https://www.cia.gov/library/publications/the-world-factbook/graphics/locator/eur/no_large_locator.gif,https://www.cia.gov/library/publications/the-world-factbook/graphics/maps/no-map.gif
291,MU,Oman,5230,Oman,OM,MU,Oman,Sultanate of Oman,https://www.cia.gov/library/publications/the-world-factbook/graphics/locator/mde/mu_large_locator.gif,https://www.cia.gov/library/publications/the-world-factbook/graphics/maps/mu-map.gif
293,PK,Pakistan,5350,Pakistan,PK,PK,Pakistan,Islamic Republic of Pakistan,https://www.cia.gov/library/publications/the-world-factbook/graphics/locator/sas/pk_large_locator.gif,https://www.cia.gov/library/publications/the-world-factbook/graphics/maps/pk-map.gif
295,PS,Palau,6830,Palau,PW,PS,Palau,Republic of Palau,https://www.cia.gov/library/publications/the-world-factbook/graphics/locator/aus/ps_large_locator.gif,https://www.cia.gov/library/publications/the-world-factbook/graphics/maps/ps-map.gif
297,PM,Panama,2250,Panama,PA,PM,Panama,Republic of Panama,https://www.cia.gov/library/publications/the-world-factbook/graphics/locator/cam/pm_large_locator.gif,https://www.cia.gov/library/publications/the-world-factbook/graphics/maps/pm-map.gif
299,PP,Papua New Guinea,6040,Papua New Guinea,PG,PP,Papua New Guinea,Independent State of Papua New Guinea,https://www.cia.gov/library/publications/the-world-factbook/graphics/locator/eas/pp_large_locator.gif,https://www.cia.gov/library/publications/the-world-factbook/graphics/maps/pp-map.gif
301,PA,Paraguay,3530,Paraguay,PY,PA,Paraguay,Republic of Paraguay,https://www.cia.gov/library/publications/the-world-factbook/graphics/locator/soa/pa_large_locator.gif,https://www.cia.gov/library/publications/the-world-factbook/graphics/maps/pa-map.gif
303,PE,Peru,3330,Peru,PE,PE,Peru,Republic of Peru,https://www.cia.gov/library/publications/the-world-factbook/graphics/locator/soa/pe_large_locator.gif,https://www.cia.gov/library/publications/the-world-factbook/graphics/maps/pe-map.gif
305,RP,Philippines,5650,Philippines,PH,RP,Philippines,Republic of the Philippines,https://www.cia.gov/library/publications/the-world-factbook/graphics/locator/eas/rp_large_locator.gif,https://www.cia.gov/library/publications/the-world-factbook/graphics/maps/rp-map.gif
307,PL,Poland,4550,Poland,PL,PL,Poland,Republic of Poland,https://www.cia.gov/library/publications/the-world-factbook/graphics/locator/eur/pl_large_locator.gif,https://www.cia.gov/library/publications/the-world-factbook/graphics/maps/pl-map.gif
309,PO,Portugal,4710,Portugal,PT,PO,Portugal,Portuguese Republic,https://www.cia.gov/library/publications/the-world-factbook/graphics/locator/eur/po_large_locator.gif,https://www.cia.gov/library/publications/the-world-factbook/graphics/maps/po-map.gif
311,QA,Qatar,5180,Qatar,QA,QA,Qatar,State of Qatar,https://www.cia.gov/library/publications/the-world-factbook/graphics/locator/mde/qa_large_locator.gif,https://www.cia.gov/library/publications/the-world-factbook/graphics/maps/qa-map.gif
313,RO,Romania,4850,Romania,RO,RO,Romania,Romania,https://www.cia.gov/library/publications/the-world-factbook/graphics/locator/eur/ro_large_locator.gif,https://www.cia.gov/library/publications/the-world-factbook/graphics/maps/ro-map.gif
315,RS,Russia,4621,Russia,RU,RS,Russia,Russian Federation,https://www.cia.gov/library/publications/the-world-factbook/graphics/locator/cas/rs_large_locator.gif,https://www.cia.gov/library/publications/the-world-factbook/graphics/maps/rs-map.gif
317,RW,Rwanda,7690,Rwanda,RW,RW,Rwanda,Republic of Rwanda,https://www.cia.gov/library/publications/the-world-factbook/graphics/locator/afr/rw_large_locator.gif,https://www.cia.gov/library/publications/the-world-factbook/graphics/maps/rw-map.gif
319,SH,Saint Helena,7580,Saint Helena,SH,SH,Saint Helena,"Saint Helena, Ascension, and Tristan da Cunha",https://www.cia.gov/library/publications/the-world-factbook/graphics/locator/afr/sh_large_locator.gif,https://www.cia.gov/library/publications/the-world-factbook/graphics/maps/sh-map.gif
321,SC,Saint Kitts and Nevis,2483,Saint Kitts and Nevis,KN,SC,Saint Kitts and Nevis,Federation of Saint Kitts and Nevis,https://www.cia.gov/library/publications/the-world-factbook/graphics/locator/cam/sc_large_locator.gif,https://www.cia.gov/library/publications/the-world-factbook/graphics/maps/sc-map.gif
323,ST,Saint Lucia,2487,Saint Lucia,LC,ST,Saint Lucia,Saint Lucia,https://www.cia.gov/library/publications/the-world-factbook/graphics/locator/cam/st_large_locator.gif,https://www.cia.gov/library/publications/the-world-factbook/graphics/maps/st-map.gif
325,SB,Saint Pierre and Miquelon,1610,Saint Pierre and Miquelon,PM,SB,Saint Pierre and Miquelon,Territorial Collectivity of Saint Pierre and Miquelon,https://www.cia.gov/library/publications/the-world-factbook/graphics/locator/noa/sb_large_locator.gif,https://www.cia.gov/library/publications/the-world-factbook/graphics/maps/sb-map.gif
327,VC,Saint Vincent and the Grenadines,2488,Saint Vincent and the Grenadines,VC,VC,Saint Vincent and the Grenadines,Saint Vincent and the Grenadines,https://www.cia.gov/library/publications/the-world-factbook/graphics/locator/cam/vc_large_locator.gif,https://www.cia.gov/library/publications/the-world-factbook/graphics/maps/vc-map.gif
329,WS,Samoa,6150,Samoa (Western Samoa),WS,WS,Samoa,Independent State of Samoa,https://www.cia.gov/library/publications/the-world-factbook/graphics/locator/aus/ws_large_locator.gif,https://www.cia.gov/library/publications/the-world-factbook/graphics/maps/ws-map.gif
331,SM,San Marino,4751,San Marino,SM,SM,San Marino,Republic of San Marino,https://www.cia.gov/library/publications/the-world-factbook/graphics/locator/eur/sm_large_locator.gif,https://www.cia.gov/library/publications/the-world-factbook/graphics/maps/sm-map.gif
333,TP,Sao Tome and Principe,7644,Sao Tome and Principe,ST,TP,Sao Tome and Principe,Democratic Republic of Sao Tome and Principe,https://www.cia.gov/library/publications/the-world-factbook/graphics/locator/afr/tp_large_locator.gif,https://www.cia.gov/library/publications/the-world-factbook/graphics/maps/tp-map.gif
335,SA,Saudi Arabia,5170,Saudi Arabia,SA,SA,Saudi Arabia,Kingdom of Saudi Arabia,https://www.cia.gov/library/publications/the-world-factbook/graphics/locator/mde/sa_large_locator.gif,https://www.cia.gov/library/publications/the-world-factbook/graphics/maps/sa-map.gif
337,SG,Senegal,7440,Senegal,SN,SG,Senegal,Republic of Senegal,https://www.cia.gov/library/publications/the-world-factbook/graphics/locator/afr/sg_large_locator.gif,https://www.cia.gov/library/publications/the-world-factbook/graphics/maps/sg-map.gif
339,RI,Serbia,4801,Serbia,RS,RI,Serbia,Republic of Serbia,https://www.cia.gov/library/publications/the-world-factbook/graphics/locator/eur/ri_large_locator.gif,https://www.cia.gov/library/publications/the-world-factbook/graphics/maps/ri-map.gif
341,SE,Seychelles,7800,Seychelles,SC,SE,Seychelles,Republic of Seychelles,https://www.cia.gov/library/publications/the-world-factbook/graphics/locator/afr/se_large_locator.gif,https://www.cia.gov/library/publications/the-world-factbook/graphics/maps/se-map.gif
343,SL,Sierra Leone,7470,Sierra Leone,SL,SL,Sierra Leone,Republic of Sierra Leone,https://www.cia.gov/library/publications/the-world-factbook/graphics/locator/afr/sl_large_locator.gif,https://www.cia.gov/library/publications/the-world-factbook/graphics/maps/sl-map.gif
345,SN,Singapore,5590,Singapore,SG,SN,Singapore,Republic of Singapore,https://www.cia.gov/library/publications/the-world-factbook/graphics/locator/eas/sn_large_locator.gif,https://www.cia.gov/library/publications/the-world-factbook/graphics/maps/sn-map.gif
347,NN,Sint Maarten,2774,Sint Maarten,SX,NN,Sint Maarten,(no long-form name),https://www.cia.gov/library/publications/the-world-factbook/graphics/locator/cam/sk_large_locator.gif,https://www.cia.gov/library/publications/the-world-factbook/graphics/maps/sk-map.gif
349,LO,Slovakia,4359,Slovakia,SK,LO,Slovakia,Slovak Republic,https://www.cia.gov/library/publications/the-world-factbook/graphics/locator/eur/lo_large_locator.gif,https://www.cia.gov/library/publications/the-world-factbook/graphics/maps/lo-map.gif
351,SI,Slovenia,4792,Slovenia,SI,SI,Slovenia,Republic of Slovenia,https://www.cia.gov/library/publications/the-world-factbook/graphics/locator/eur/si_large_locator.gif,https://www.cia.gov/library/publications/the-world-factbook/graphics/maps/si-map.gif
353,BP,Solomon Islands,6223,Solomon Islands,SB,BP,Solomon Islands,Solomon Islands,https://www.cia.gov/library/publications/the-world-factbook/graphics/locator/aus/bp_large_locator.gif,https://www.cia.gov/library/publications/the-world-factbook/graphics/maps/bp-map.gif
355,SO,Somalia,7700,Somalia,SO,SO,Somalia,Federal Republic of Somalia,https://www.cia.gov/library/publications/the-world-factbook/graphics/locator/afr/so_large_locator.gif,https://www.cia.gov/library/publications/the-world-factbook/graphics/maps/so-map.gif
357,SF,South Africa,7910,South Africa,ZA,SF,South Africa,Republic of South Africa,https://www.cia.gov/library/publications/the-world-factbook/graphics/locator/afr/sf_large_locator.gif,https://www.cia.gov/library/publications/the-world-factbook/graphics/maps/sf-map.gif
359,OD,South Sudan,7323,South Sudan,SS,OD,South Sudan,Republic of South Sudan,https://www.cia.gov/library/publications/the-world-factbook/graphics/locator/afr/od_large_locator.gif,https://www.cia.gov/library/publications/the-world-factbook/graphics/maps/od-map.gif
361,SP,Spain,4700,Spain,ES,SP,Spain,Kingdom of Spain,https://www.cia.gov/library/publications/the-world-factbook/graphics/locator/eur/sp_large_locator.gif,https://www.cia.gov/library/publications/the-world-factbook/graphics/maps/sp-map.gif
363,CE,Sri Lanka,5420,Sri Lanka,LK,CE,Sri Lanka,Democratic Socialist Republic of Sri Lanka,https://www.cia.gov/library/publications/the-world-factbook/graphics/locator/sas/ce_large_locator.gif,https://www.cia.gov/library/publications/the-world-factbook/graphics/maps/ce-map.gif
365,SU,Sudan,7321,Sudan,SD,SU,Sudan,Republic of the Sudan,https://www.cia.gov/library/publications/the-world-factbook/graphics/locator/afr/su_large_locator.gif,https://www.cia.gov/library/publications/the-world-factbook/graphics/maps/su-map.gif
367,NS,Suriname,3150,Suriname,SR,NS,Suriname,Republic of Suriname,https://www.cia.gov/library/publications/the-world-factbook/graphics/locator/soa/ns_large_locator.gif,https://www.cia.gov/library/publications/the-world-factbook/graphics/maps/ns-map.gif
369,WZ,Eswatini,7950,Eswatini,SZ,WZ,Eswatini,Kingdom of Eswatini,https://www.cia.gov/library/publications/the-world-factbook/graphics/locator/afr/wz_large_locator.gif,https://www.cia.gov/library/publications/the-world-factbook/graphics/maps/wz-map.gif
371,SW,Sweden,4010,Sweden,SE,SW,Sweden,Kingdom of Sweden,https://www.cia.gov/library/publications/the-world-factbook/graphics/locator/eur/sw_large_locator.gif,https://www.cia.gov/library/publications/the-world-factbook/graphics/maps/sw-map.gif
373,SZ,Switzerland,4419,Switzerland,CH,SZ,Switzerland,Swiss Confederation,https://www.cia.gov/library/publications/the-world-factbook/graphics/locator/eur/sz_large_locator.gif,https://www.cia.gov/library/publications/the-world-factbook/graphics/maps/sz-map.gif
375,SY,Syria,5020,Syria (Syrian Arab Republic),SY,SY,Syria,Syrian Arab Republic,https://www.cia.gov/library/publications/the-world-factbook/graphics/locator/mde/sy_large_locator.gif,https://www.cia.gov/library/publications/the-world-factbook/graphics/maps/sy-map.gif
377,TW,Taiwan,5830,Taiwan,TW,TW,Taiwan,(no long-form name),https://www.cia.gov/library/publications/the-world-factbook/graphics/locator/eas/tw_large_locator.gif,https://www.cia.gov/library/publications/the-world-factbook/graphics/maps/tw-map.gif
379,TI,Tajikistan,4642,Tajikistan,TJ,TI,Tajikistan,Republic of Tajikistan,https://www.cia.gov/library/publications/the-world-factbook/graphics/locator/cas/ti_large_locator.gif,https://www.cia.gov/library/publications/the-world-factbook/graphics/maps/ti-map.gif
381,TZ,Tanzania,7830,Tanzania (United Republic of Tanzania),TZ,TZ,Tanzania,United Republic of Tanzania,https://www.cia.gov/library/publications/the-world-factbook/graphics/locator/afr/tz_large_locator.gif,https://www.cia.gov/library/publications/the-world-factbook/graphics/maps/tz-map.gif
383,TH,Thailand,5490,Thailand,TH,TH,Thailand,Kingdom of Thailand,https://www.cia.gov/library/publications/the-world-factbook/graphics/locator/eas/th_large_locator.gif,https://www.cia.gov/library/publications/the-world-factbook/graphics/maps/th-map.gif
385,TT,Timor-Leste,5601,Timor-Leste,TL,TT,Timor-Leste,Democratic Republic of Timor-Leste,https://www.cia.gov/library/publications/the-world-factbook/graphics/locator/eas/tt_large_locator.gif,https://www.cia.gov/library/publications/the-world-factbook/graphics/maps/tt-map.gif
387,TO,Togo,7520,Togo,TG,TO,Togo,Togolese Republic,https://www.cia.gov/library/publications/the-world-factbook/graphics/locator/afr/to_large_locator.gif,https://www.cia.gov/library/publications/the-world-factbook/graphics/maps/to-map.gif
389,TN,Tonga,6864,Tonga,TO,TN,Tonga,Kingdom of Tonga,https://www.cia.gov/library/publications/the-world-factbook/graphics/locator/aus/tn_large_locator.gif,https://www.cia.gov/library/publications/the-world-factbook/graphics/maps/tn-map.gif
391,TD,Trinidad and Tobago,2740,Trinidad and Tobago,TT,TD,Trinidad and Tobago,Republic of Trinidad and Tobago,https://www.cia.gov/library/publications/the-world-factbook/graphics/locator/cam/td_large_locator.gif,https://www.cia.gov/library/publications/the-world-factbook/graphics/maps/td-map.gif
393,TS,Tunisia,7230,Tunisia,TN,TS,Tunisia,Republic of Tunisia,https://www.cia.gov/library/publications/the-world-factbook/graphics/locator/afr/ts_large_locator.gif,https://www.cia.gov/library/publications/the-world-factbook/graphics/maps/ts-map.gif
395,TU,Turkey,4890,Turkey,TR,TU,Turkey,Republic of Turkey,https://www.cia.gov/library/publications/the-world-factbook/graphics/locator/mde/tu_large_locator.gif,https://www.cia.gov/library/publications/the-world-factbook/graphics/maps/tu-map.gif
397,TX,Turkmenistan,4643,Turkmenistan,TM,TX,Turkmenistan,Turkmenistan,https://www.cia.gov/library/publications/the-world-factbook/graphics/locator/cas/tx_large_locator.gif,https://www.cia.gov/library/publications/the-world-factbook/graphics/maps/tx-map.gif
399,TK,Turks and Caicos Islands,2430,Turks and Caicos Islands,TC,TK,Turks and Caicos Islands,Turks and Caicos Islands,https://www.cia.gov/library/publications/the-world-factbook/graphics/locator/cam/tk_large_locator.gif,https://www.cia.gov/library/publications/the-world-factbook/graphics/maps/tk-map.gif
401,TV,Tuvalu,6227,Tuvalu,TV,TV,Tuvalu,Tuvalu,https://www.cia.gov/library/publications/the-world-factbook/graphics/locator/aus/tv_large_locator.gif,https://www.cia.gov/library/publications/the-world-factbook/graphics/maps/tv-map.gif
403,UG,Uganda,7780,Uganda,UG,UG,Uganda,Republic of Uganda,https://www.cia.gov/library/publications/the-world-factbook/graphics/locator/afr/ug_large_locator.gif,https://www.cia.gov/library/publications/the-world-factbook/graphics/maps/ug-map.gif
405,UP,Ukraine,4623,Ukraine,UA,UP,Ukraine,Ukraine,https://www.cia.gov/library/publications/the-world-factbook/graphics/locator/eur/up_large_locator.gif,https://www.cia.gov/library/publications/the-world-factbook/graphics/maps/up-map.gif
407,AE,United Arab Emirates,5200,United Arab Emirates,AE,AE,United Arab Emirates,United Arab Emirates,https://www.cia.gov/library/publications/the-world-factbook/graphics/locator/mde/ae_large_locator.gif,https://www.cia.gov/library/publications/the-world-factbook/graphics/maps/ae-map.gif
409,UK,United Kingdom,4120,United Kingdom,GB,UK,United Kingdom,United Kingdom of Great Britain and Northern Ireland,https://www.cia.gov/library/publications/the-world-factbook/graphics/locator/eur/uk_large_locator.gif,https://www.cia.gov/library/publications/the-world-factbook/graphics/maps/uk-map.gif
411,UY,Uruguay,3550,Uruguay,UY,UY,Uruguay,Oriental Republic of Uruguay,https://www.cia.gov/library/publications/the-world-factbook/graphics/locator/soa/uy_large_locator.gif,https://www.cia.gov/library/publications/the-world-factbook/graphics/maps/uy-map.gif
413,UZ,Uzbekistan,4644,Uzbekistan,UZ,UZ,Uzbekistan,Republic of Uzbekistan,https://www.cia.gov/library/publications/the-world-factbook/graphics/locator/cas/uz_large_locator.gif,https://www.cia.gov/library/publications/the-world-factbook/graphics/maps/uz-map.gif
415,NH,Vanuatu,6224,Vanuatu,VU,NH,Vanuatu,Republic of Vanuatu,https://www.cia.gov/library/publications/the-world-factbook/graphics/locator/aus/nh_large_locator.gif,https://www.cia.gov/library/publications/the-world-factbook/graphics/maps/nh-map.gif
417,VE,Venezuela,3070,Venezuela,VE,VE,Venezuela,Bolivarian Republic of Venezuela,https://www.cia.gov/library/publications/the-world-factbook/graphics/locator/soa/ve_large_locator.gif,https://www.cia.gov/library/publications/the-world-factbook/graphics/maps/ve-map.gif
419,VM,Vietnam,5520,Vietnam,VN,VM,Vietnam,Socialist Republic of Vietnam,https://www.cia.gov/library/publications/the-world-factbook/graphics/locator/eas/vm_large_locator.gif,https://www.cia.gov/library/publications/the-world-factbook/graphics/maps/vm-map.gif
421,VI,"Virgin Islands, British",2482,British Virgin Islands,VG,VI,"Virgin Islands, British","Virgin Islands, British",https://www.cia.gov/library/publications/the-world-factbook/graphics/locator/cam/vq_large_locator.gif,https://www.cia.gov/library/publications/the-world-factbook/graphics/maps/vq-map.gif
423,WF,Wallis and Futuna,6413,Wallis and Futuna,WF,WF,Wallis and Futuna,(no long-form name),https://www.cia.gov/library/publications/the-world-factbook/graphics/locator/aus/wf_large_locator.gif,https://www.cia.gov/library/publications/the-world-factbook/graphics/maps/wf-map.gif
425,WE,West Bank,5083,West Bank administered by Israel,WE,WE,West Bank,,https://www.cia.gov/library/publications/the-world-factbook/graphics/locator/mde/we_large_locator.gif,https://www.cia.gov/library/publications/the-world-factbook/graphics/maps/we-map.gif
429,YM,Yemen,5210,Yemen (Republic of Yemen),YE,YM,Yemen,Republic of Yemen,https://www.cia.gov/library/publications/the-world-factbook/graphics/locator/mde/ym_large_locator.gif,https://www.cia.gov/library/publications/the-world-factbook/graphics/maps/ym-map.gif
431,ZA,Zambia,7940,Zambia,ZM,ZA,Zambia,Republic of Zambia,https://www.cia.gov/library/publications/the-world-factbook/graphics/locator/afr/za_large_locator.gif,https://www.cia.gov/library/publications/the-world-factbook/graphics/maps/za-map.gif
433,ZI,Zimbabwe,7960,Zimbabwe,ZW,ZI,Zimbabwe,Republic of Zimbabwe,https://www.cia.gov/library/publications/the-world-factbook/graphics/locator/afr/zi_large_locator.gif,https://www.cia.gov/library/publications/the-world-factbook/graphics/maps/zi-map.gif
435,AQ,American Samoa,,American Samoa,AS,AQ,American Samoa,Territory of American Samoa,https://www.cia.gov/library/publications/the-world-factbook/graphics/locator/aus/aq_large_locator.gif,https://www.cia.gov/library/publications/the-world-factbook/graphics/maps/aq-map.gif
437,GQ,Guam,,Guam,GU,GQ,Guam,Territory of Guam,https://www.cia.gov/library/publications/the-world-factbook/graphics/locator/aus/gq_large_locator.gif,https://www.cia.gov/library/publications/the-world-factbook/graphics/maps/gq-map.gif
439,GK,Guernsey,,,,GK,Guernsey,Bailiwick of Guernsey,https://www.cia.gov/library/publications/the-world-factbook/graphics/locator/eur/gk_large_locator.gif,https://www.cia.gov/library/publications/the-world-factbook/graphics/maps/gk-map.gif
441,IM,Isle of Man,,,,IM,Isle of Man,(no long-form name),https://www.cia.gov/library/publications/the-world-factbook/graphics/locator/eur/im_large_locator.gif,https://www.cia.gov/library/publications/the-world-factbook/graphics/maps/im-map.gif
443,JE,Jersey,,,,JE,Jersey,Bailiwick of Jersey,https://www.cia.gov/library/publications/the-world-factbook/graphics/locator/eur/je_large_locator.gif,https://www.cia.gov/library/publications/the-world-factbook/graphics/maps/je-map.gif
445,CQ,Northern Mariana Islands,,Northern Mariana Islands,MP,CQ,Northern Mariana Islands,Commonwealth of the Northern Mariana Islands,https://www.cia.gov/library/publications/the-world-factbook/graphics/locator/aus/cq_large_locator.gif,https://www.cia.gov/library/publications/the-world-factbook/graphics/maps/cq-map.gif
447,RQ,Puerto Rico,,Puerto Rico,PR,RQ,Puerto Rico,Commonwealth of Puerto Rico,https://www.cia.gov/library/publications/the-world-factbook/graphics/locator/cam/rq_large_locator.gif,https://www.cia.gov/library/publications/the-world-factbook/graphics/maps/rq-map.gif
449,TB,Saint Barthelemy,,,,TB,Saint Barthelemy,Saint Barthelemy,https://www.cia.gov/library/publications/the-world-factbook/graphics/locator/cam/tb_large_locator.gif,https://www.cia.gov/library/publications/the-world-factbook/graphics/maps/tb-map.gif
451,RN,Saint Martin,,,,RN,Saint Martin,Saint Martin,https://www.cia.gov/library/publications/the-world-factbook/graphics/locator/cam/rn_large_locator.gif,https://www.cia.gov/library/publications/the-world-factbook/graphics/maps/rn-map.gif
453,US,United States,,United States of America,US,US,United States,United States of America,https://www.cia.gov/library/publications/the-world-factbook/graphics/locator/noa/us_large_locator.gif,https://www.cia.gov/library/publications/the-world-factbook/graphics/maps/us-map.gif
455,VQ,"Virgin Islands, U.S.",,Virgin Islands of the United States,VI,VQ,"Virgin Islands, U.S.",United States Virgin Islands,https://www.cia.gov/library/publications/the-world-factbook/graphics/locator/cam/vq_large_locator.gif,https://www.cia.gov/library/publications/the-world-factbook/graphics/maps/vq-map.gif
457,,,,,,IO,British Indian Ocean Territory,British Indian Ocean Territory,,
459,,,,,,KT,Christmas Island,Territory of Christmas Island,,
505,,,,,,AT,Ashmore and Cartier Islands,Territory of Ashmore and Cartier Islands,,
501,,,,,,AX,Akrotiri,Akrotiri,,
503,,,,,,AY,Antarctica,(no long-form name),,
529,,,,,,BQ,Navassa Island,(no long-form name),,
509,,,,,,BV,Bouvet Island,(no long-form name),,
487,,,,,,CK,Cocos (Keeling) Islands,Territory of Cocos (Keeling) Islands,,
513,,,,,,CR,Coral Sea Islands,Coral Sea Islands Territory,,
521,,,,,,DQ,Jarvis Island,(no long-form name),,
515,,,,,,DX,Dhekelia,Dhekelia,,
491,,,,,,FK,Falkland Islands (Islas Malvinas),Falkland Islands (Islas Malvinas),,
507,,,,,,FQ,Baker Island,(no long-form name),,
493,,,,,,FS,French Southern and Antarctic Lands,(no long-form name),,
497,,,,,,HM,Heard Island and McDonald Islands,Territory of Heard Island and McDonald Islands,,
517,,,,,,HQ,Howland Island,(no long-form name),,
511,,,,,,IP,Clipperton Island,(no long-form name),,
519,,,,,,JN,Jan Mayen,(no long-form name),,
523,,,,,,JQ,Johnston Atoll,(no long-form name),,
525,,,,,,KQ,Kingman Reef,(no long-form name),,
531,,,,,,LQ,Palmyra Atoll,(no long-form name),,
527,,,,,,MQ,Midway Islands,(no long-form name),,
467,,,,,,NE,Niue,(no long-form name),,
469,,,,,,NF,Norfolk Island,Territory of Norfolk Island,,
471,,,,,,PC,Pitcairn Islands,"Pitcairn, Henderson, Ducie, and Oeno Islands",,
533,,,,,,PF,Paracel Islands,(no long-form name),,
537,,,,,,PG,Spratly Islands,(no long-form name),,
539,,,,,,SV,Svalbard,(no long-form name),,
535,,,,,,SX,South Georgia and the South Sandwich Islands,South Georgia and the South Sandwich Islands,,
475,,,,,,TL,Tokelau,(no long-form name),,
477,,,,,,VT,Vatican City,Holy See,,
541,,,,,,WQ,Wake Island,(no long-form name),,
